{"cameraMode":{"drawMode":0,"name":"Shaded","section":"Shading Mode"},"sceneLighting":false,"audioPlay":false,"sceneViewState":{"showFog":true,"showMaterialUpdate":false,"showSkybox":true,"showFlares":true,"showImageEffects":true,"showParticleSystems":true},"in2DMode":false,"pivot":{"x":-21.400001525878908,"y":27.39999771118164,"z":0.0},"rotation":{"x":-0.04528183862566948,"y":-0.023376790806651117,"z":0.0010586284333840013,"w":-0.9987084269523621},"size":24.78445053100586,"orthographic":false}