{"cameraMode":{"drawMode":0,"name":"Shaded","section":"Shading Mode"},"sceneLighting":true,"audioPlay":false,"sceneViewState":{"showFog":true,"showMaterialUpdate":false,"showSkybox":true,"showFlares":true,"showImageEffects":true,"showParticleSystems":true},"in2DMode":false,"pivot":{"x":3.474832534790039,"y":11.64589786529541,"z":2.509368419647217},"rotation":{"x":-0.002124097663909197,"y":0.07132212817668915,"z":0.0001270123611902818,"w":-0.9975115656852722},"size":58.04747772216797,"orthographic":false}