{"cameraMode":{"drawMode":0,"name":"Shaded","section":"Shading Mode"},"sceneLighting":true,"audioPlay":false,"sceneViewState":{"showFog":true,"showMaterialUpdate":false,"showSkybox":true,"showFlares":true,"showImageEffects":true,"showParticleSystems":true},"in2DMode":false,"pivot":{"x":-3.8518779277801515,"y":13.743873596191407,"z":1.4651776552200318},"rotation":{"x":-0.04108479246497154,"y":-0.021591920405626298,"z":0.0011670113308355213,"w":-0.9989824295043945},"size":54.987674713134769,"orthographic":false}